"","container.title","created","deposited","doi","indexed","issn","issued","member","prefix","publisher","reference.count","score","source","title","type","url","author","alternative.id","published.print","issue","page","update.policy","volume","assertion","link","license","published.online","reference","subject","abstract","isbn"
"1","SSRN Electronic Journal","2015-12-02","2015-12-02","10.2139/ssrn.2697412","2020-04-11","1556-5068","2014","78","10.2139","Elsevier BV","0","1","Crossref","Open Access Publishing: A Literature Review","journal-article","http://dx.doi.org/10.2139/ssrn.2697412","list(given = ""Giancarlo F."", family = ""Frosio"", sequence = ""first"")",NA,NA,NA,NA,NA,NA,"NULL","NULL","NULL",NA,"NULL",NA,NA,NA
"2","Journal of Informetrics","2016-09-13","2018-09-08","10.1016/j.joi.2016.08.002","2020-04-19","1751-1577","2016-11","78","10.1016","Elsevier BV","33","1","Crossref","Hybrid open access—A longitudinal study","journal-article","http://dx.doi.org/10.1016/j.joi.2016.08.002","list(ORCID = c(""http://orcid.org/0000-0003-3951-7990"", ""http://orcid.org/0000-0003-1545-9642""), authenticated.orcid = c(FALSE, FALSE), given = c(""Mikael"", ""Bo-Christer""), family = c(""Laakso"", ""Björk""), sequence = c(""first"", ""additional""))","S1751157716301523","2016-11","4","919-932","http://dx.doi.org/10.1016/elsevier_cm_policy","10","list(value = c(""Elsevier"", ""Hybrid open access—A longitudinal study"", ""Journal of Informetrics"", ""https://doi.org/10.1016/j.joi.2016.08.002"", ""article"", ""© 2016 The Authors. Published by Elsevier Ltd.""), name = c(""publisher"", ""articletitle"", ""journaltitle"", ""articlelink"", ""content_type"", ""copyright""), label = c(""This article is maintained by"", ""Article Title"", ""Journal Title"", ""CrossRef DOI link to publisher maintained version"", ""Content Type"", ""Copyright""))","list(URL = c(""https://api.elsevier.com/content/article/PII:S1751157716301523?httpAccept=text/xml"", ""https://api.elsevier.com/content/article/PII:S1751157716301523?httpAccept=text/plain""), content.type = c(""text/xml"", ""text/plain""), content.version = c(""vor"", ""vor""), intended.application = c(""text-mining"", ""text-mining""))","list(date = c(""2016-11-01"", ""2016-08-06""), URL = c(""https://www.elsevier.com/tdm/userlicense/1.0/"", ""http://creativecommons.org/licenses/by/4.0/""), delay.in.days = c(0, 0), content.version = c(""tdm"", ""vor""))",NA,"NULL",NA,NA,NA
"3","PLoS ONE","2011-06-17","2019-06-11","10.1371/journal.pone.0020961","2020-06-27","1932-6203","2011-06-13","340","10.1371","Public Library of Science (PLoS)","31","1","Crossref","The Development of Open Access Journal Publishing from 1993 to 2009","journal-article","http://dx.doi.org/10.1371/journal.pone.0020961","list(given = c(""Mikael"", ""Patrik"", ""Helena"", ""Linus"", ""Bo-Christer"", ""Turid""), family = c(""Laakso"", ""Welling"", ""Bukvova"", ""Nyman"", ""Björk"", ""Hedlund""), sequence = c(""first"", ""additional"", ""additional"", ""additional"", ""additional"", ""additional""))",NA,NA,"6","e20961","http://dx.doi.org/10.1371/journal.pone.corrections_policy","6","NULL","list(URL = ""http://dx.plos.org/10.1371/journal.pone.0020961"", content.type = ""unspecified"", content.version = ""vor"", intended.application = ""similarity-checking"")","list(date = ""2011-06-13"", URL = ""http://creativecommons.org/licenses/by/4.0/"", delay.in.days = 0, content.version = ""unspecified"")","2011-06-13","list(key = c(""ref1"", ""ref2"", ""ref3"", ""ref4"", ""ref5"", ""ref6"", ""ref7"", ""ref8"", ""ref9"", ""ref10"", ""ref11"", ""ref12"", ""ref13"", ""ref14"", ""ref15"", ""ref16"", ""ref17"", ""ref18"", ""ref19"", ""ref20"", ""ref21"", ""ref22"", ""ref23"", ""ref24"", ""ref25"", ""ref26"", ""ref27"", ""ref28"", ""ref29"", ""ref30"", ""ref31""), year = c(""2010"", ""2010"", ""2010"", ""2009"", ""2010"", ""2009"", ""2002"", ""1999"", ""2002"", NA, ""2004"", ""2006"", NA, ""2009"", ""2010"", ""2010"", NA, ""2007"", ""2004"", NA, ""2009"", ""2006"", ""1999"", NA, NA, NA, NA, ""2003"", NA, NA, NA), author = c(NA, 
""PN Courant"", ""J Kaiser"", ""J Houghton"", ""B-C Björk"", ""M Ware"", ""W Crawford"", ""A Wells"", ""T Gustafsson"", NA, ""T Hedlund"", ""S Morris"", NA, ""B-C Björk"", ""S Dallmeier-Tiessen"", ""BD Edgar"", NA, ""H Sotudeh"", ""ME McVeigh"", NA, ""U Müller"", ""Y Tillé"", ""SL Lohr"", NA, NA, NA, NA, ""M Mabe"", NA, NA, NA), volume = c(NA, ""327."", ""329."", NA, NA, NA, ""15"", NA, NA, NA, ""17."", ""19."", NA, ""14."", NA, ""1."", NA, NA, NA, NA, NA, NA, NA, NA, NA, NA, NA, ""16."", NA, NA, NA), article.title = c(NA, ""Improving Access to Research."", 
""Free Journals Grow Amid Ongoing Debate."", ""Economic implications of alternative scholarly publishing models: Exploring the costs and benefits"", ""Open Access to the Scientific Journal Literature: Situation 2009."", ""The stm report - An overview of scientific and scholarly journals publishing"", ""Free electronic refereed journals: getting past the arc of enthusiasm."", ""Exploring the development of the independent, electronic, scholarly journal."", ""Open Access - En empirisk undersökning om fritt tillgängliga vetenskapliga journaler på Internet, M.Sc."", 
""Ulrichsweb Periodicals Database."", ""The open access scientific journal an empirical study."", ""Personal View: When is a journal not a journal - a closer look at the DOAJ."", ""Directory of Open Access Journals."", ""Scientific journal publishing: yearly volume and open access availability."", ""Open Access Publishing - Models and Attributes"", ""A survey of scholarly journals using Open Journal Systems."", ""ISI Web of Science."", ""Tracking open access journals evolution: Some considerations in open access data collection validation."", 
""Open Access Journals in the ISI Citation Databases: Analysis of Impact Factors and Citation Patterns - A citation study from Thomson Scientific."", ""Scopus."", ""Peer-Review-Verfahren zur Qualitätssicherung von Open-Access-Zeitschriften."", ""Sampling Algorithms"", ""Sampling: Design and Analysis"", ""SJR Scimago Journal &amp; Country Rank."", ""SciELO."", ""Redalyc."", ""J-Stage."", ""The growth and number of journals."", ""New Horizons in Adult Education and Human Resource Development Journal Website."", ""The Public Access Computer Systems Review Journal Website."", 
""HighWire Press.""), journal.title = c(NA, ""Science"", ""Science"", NA, ""PLoS ONE."", NA, ""Learned Publishing"", NA, NA, NA, ""Learned Publishing"", ""Learned Publishing"", NA, ""Information Research"", NA, ""Scholarly and Research Communication"", NA, ""Journal of the American Society for Information Science and Technology."", NA, NA, NA, NA, NA, NA, NA, NA, NA, ""Serials"", NA, NA, NA), DOI = c(NA, ""10.1126/science.1186933"", ""10.1126/science.329.5994.896"", NA, NA, NA, ""10.1087/09531510252848881"", NA, NA, NA, ""10.1087/095315104323159621"", 
""10.1087/095315106775122565"", NA, NA, NA, ""10.22230/src.2010v1n2a24"", NA, NA, NA, NA, NA, NA, NA, NA, NA, NA, NA, ""10.1629/16191"", NA, NA, NA), doi.asserted.by = c(NA, ""crossref"", ""crossref"", NA, NA, NA, ""crossref"", NA, NA, NA, ""crossref"", ""crossref"", NA, NA, NA, ""crossref"", NA, NA, NA, NA, NA, NA, NA, NA, NA, NA, NA, ""crossref"", NA, NA, NA))",NA,NA,NA
"4","Frontiers in Psychology","2018-08-20","2018-08-20","10.3389/fpsyg.2018.01487","2020-05-14","1664-1078","2018-08-20","1965","10.3389","Frontiers Media SA","52","1","Crossref","The Impact Factor Fallacy","journal-article","http://dx.doi.org/10.3389/fpsyg.2018.01487","list(given = c(""Frieder M."", ""Nicole"", ""Sören""), family = c(""Paulus"", ""Cruz"", ""Krach""), sequence = c(""first"", ""additional"", ""additional""))","10.3389/fpsyg.2018.01487",NA,NA,NA,"http://dx.doi.org/10.3389/crossmark-policy","9","NULL","list(URL = ""https://www.frontiersin.org/article/10.3389/fpsyg.2018.01487/full"", content.type = ""unspecified"", content.version = ""vor"", intended.application = ""similarity-checking"")","list(date = ""2018-08-20"", URL = ""https://creativecommons.org/licenses/by/4.0/"", delay.in.days = 0, content.version = ""unspecified"")","2018-08-20","list(key = c(""B1"", ""B2"", ""B3"", ""B4"", ""B5"", ""B6"", ""B7"", ""B8"", ""B9"", ""B10"", ""B11"", ""B12"", ""B13"", ""B14"", ""B15"", ""B16"", ""B17"", ""B18"", ""B19"", ""B20"", ""B21"", ""B22"", ""B23"", ""B24"", ""B25"", ""B26"", ""B27"", ""B28"", ""B29"", ""B30"", ""B31"", ""B32"", ""B33"", ""B34"", ""B35"", ""B36"", ""B37"", ""B38"", ""B39"", ""B40"", ""B41"", ""B42"", ""B43"", ""B44"", ""B45"", ""B46"", ""B47"", ""B48"", ""B49"", ""B50"", ""B51"", ""B52""), author = c(""Adams"", ""Alberts"", ""Amin"", ""Arnold"", ""Baratgin"", ""Bhatia"", ""Brembs"", ""Brembs"", ""Cagan"", ""Callaham"", ""Callaway"", ""Cantrill"", 
""Casadevall"", ""Chater"", ""Davis"", ""Della Sala"", ""DePellegrin"", NA, ""Evans"", ""Garfield"", ""Gorraiz"", ""Gorraiz"", ""Gumpenberger"", ""Hahn"", ""Hahn"", ""Hahn"", ""Harris"", ""Hirsch"", ""Hutchins"", ""Larivière"", ""Lehmann"", ""Lozano"", ""McVeigh"", NA, ""Oaksford"", ""Oaksford"", ""Over"", ""Paulus"", NA, ""Reich"", ""Seglen"", ""Simons"", ""Sloman"", ""Stephan"", ""Tort"", ""Van Dijk"", ""Van Noorden"", ""van Raan"", ""Weale"", ""Werner"", NA, ""Yeung""), year = c(""1998"", ""2013"", ""2003"", ""2010"", ""2016"", ""2015"", ""2018"", ""2013"", ""2013"", ""2002"", ""2016"", 
""2016"", ""2014"", ""2011"", ""2018"", ""2007"", ""2015"", ""2004"", ""2002"", ""2006"", ""2016"", ""2017"", ""2012"", ""2016"", ""2007"", ""2012"", ""2016"", ""2005"", ""2015"", ""2016"", ""2006"", ""2012"", ""2009"", ""2018"", ""2004"", ""2007"", ""2016"", ""2015"", ""2006"", ""2013"", ""1997"", ""2008"", ""2017"", ""2017"", ""2012"", ""2014"", ""2017"", ""2004"", ""2004"", ""2015"", ""2015"", ""2017""), journal.title = c(""A Primer of Probability Logic."", ""Science"", ""Medicina"", ""Nefarious Numbers."", ""Cognitive Unconscious and Human Rationality"", ""J. Exp. Psychol. Learn. Mem. Cogn."", 
""Front. Hum. Neurosci."", ""Front. Hum. Neurosci."", ""Dis. Models Mech."", ""JAMA"", ""Nature"", ""Imperfect Impact."", ""mBio"", ""Handbook of the History of Logic"", ""Journals Lose Citations to Preprint Servers."", ""Cortex"", ""Genetics"", ""Empfehlungen zu einer »Leistungsorientierten Mittelvergabe« (LOM) an den Medizinischen Fakultäten: Stellungnahme der Senatskommission für Klinische Forschung der Deutschen Forschungsgemeinschaft"", ""Psychol. Bull."", ""JAMA"", ""Prof. Inf."", ""Int. J. Soc. Sci. Hum."", ""Libr. Manage."", 
""Synthese"", ""Psychol. Rev."", ""The Oxford Handbook of Thinking and Reasoning"", ""Cogn. Sci."", ""Proc. Natl. Acad. Sci. U.S.A."", ""PLoS Biol."", ""BioRxiv"", ""Nature"", ""J. Am. Soc. Inf. Sci. Technol."", ""JAMA"", ""Nature"", ""Can. J. Exp. Psychol."", ""Inductive Reasoning"", ""Cognitive Unconscious and Human Rationality"", ""PLoS One"", ""PLoS Med."", ""Nature"", ""BMJ"", ""The Misused Impact Factor."", ""The Knowledge Illusion: Why We Never Think Alone."", ""Nature"", ""PLoS One"", ""Curr. Biol."", ""Nature"", ""Scientometrics"", ""BMC Med. Res. Methodol."", 
""Nature"", ""Empfehlungen Zu Wissenschaftlicher Integrität."", ""Front. Hum. Neurosci.""), volume = c(NA, ""340"", ""63"", NA, NA, ""41"", ""12"", ""7"", ""6"", ""287"", ""535"", NA, ""5"", NA, NA, ""43"", ""201"", NA, ""128"", ""295"", ""25"", ""7"", ""33"", ""193"", ""114"", NA, ""40"", ""102"", ""14"", NA, ""444"", ""63"", ""302"", ""554"", ""58"", NA, NA, ""10"", ""3"", ""502"", ""314"", NA, NA, ""544"", ""7"", ""24"", ""552"", ""59"", ""4"", ""517"", NA, ""11""), article.title = c(NA, ""Impact factor distortions."", ""Impact factors: use and abuse."", NA, ""“Logic, probability and inference: a methodology for a new paradigm,” in"", 
""Discounting testimony with the argument ad hominem and a Bayesian congruent prior model."", ""Prestigious science journals struggle to reach even average reliability."", ""Deep impact: unintended consequences of journal rank."", ""The San Francisco declaration on research assessment."", ""Journal prestige, publication bias, and other characteristics associated with citation of published studies in peer-reviewed journals."", ""Beat it, impact factor! Publishing elite turns against controversial metric."", NA, 
""Causes for the persistence of impact factor mania."", ""“Inductive logic and empirical psychology,” in"", NA, ""A double dissociation between impact factor and cited half life."", ""An arbitrary line in the sand: rising scientists confront the impact factor."", NA, ""Logic and human reasoning: an assessment of the deduction paradigm."", ""The history and meaning of the journal impact factor."", ""Individual bibliometric assessment at University of Vienna: from numbers to multidimensional profiles."", ""To be visible, or not to be, that is the question."", 
""Bibliometric practices and activities at the University of Vienna."", ""A normative framework for argument quality: argumentation schemes with a Bayesian foundation."", ""The rationality of informal argumentation: a Bayesian approach to reasoning fallacies."", ""“Rational argument,”"", ""The appeal to expert opinion: quantitative support for a Bayesian network approach."", ""An index to quantify an individual’s scientific research output."", ""Relative Citation Ratio (RCR): a new metric that uses citation rates to measure influence at the article level."", 
""A simple proposal for the publication of journal citation distributions."", ""Measures for measures."", ""The weakening relationship between the impact factor and papers’ citations in the digital age."", ""The journal impact factor denominator."", ""Science needs to redefine excellence."", ""A Bayesian approach to the argument from ignorance."", ""“Induction, deduction, and argument strength in human reasoning and argumentation,” in"", ""“The paradigm shift in the psychology of reasoning,” in"", ""Journal Impact factor shapes scientists’ reward signal in the prospect of publication."", 
""The impact factor game."", ""Science publishing: the golden club."", ""Why the impact factor of journals should not be used for evaluating research."", NA, NA, ""Reviewers are blinkered by bibliometrics."", ""Rising publication delays inflate journal impact factors."", ""Publication metrics and success on the academic job market."", ""The science that’s never been cited."", ""Sleeping beauties in science."", ""The level of non-citation of articles within a journal as a measure of quality: a comparison to the impact factor."", 
""The focus on bibliometrics makes papers less useful."", NA, ""Do neuroscience journals accept replications? A survey of literature.""), DOI = c(NA, ""10.1126/science.1240319"", NA, NA, NA, ""10.1037/xlm0000151"", ""10.3389/fnhum.2018.00037"", ""10.3389/fnhum.2013.00291"", ""10.1242/dmm.012955"", ""10.1001/jama.287.21.2847"", ""10.1038/nature.2016.20224"", NA, ""10.1128/mBio.00064-14"", ""10.1016/B978-0-444-52936-7.50014-8"", NA, ""10.1016/S0010-9452(08)70473-8"", ""10.1534/genetics.115.182261"", NA, ""10.1037/0033-2909.128.6.978"", 
""10.1001/jama.295.1.90"", ""10.3145/epi.2016.nov.07"", NA, ""10.1108/01435121211217199"", ""10.1007/s11229-015-0815-0"", ""10.1037/0033-295X.114.3.704"", ""10.1093/oxfordhb/9780199734689.013.0015"", ""10.1111/cogs.12276"", ""10.1073/pnas.0507655102"", ""10.1371/journal.pbio.1002541"", ""10.1101/062109"", ""10.1038/4441003a"", ""10.1002/asi.22731"", ""10.1001/jama.2009.1301"", ""10.1038/d41586-018-02183-y"", ""10.1037/h0085798"", ""10.1017/CBO9780511619304.012"", NA, ""10.1371/journal.pone.0142537"", ""10.1371/journal.pmed.0030291"", 
""10.1038/502291a"", ""10.1136/bmj.314.7079.497"", NA, NA, ""10.1038/544411a"", ""10.1371/journal.pone.0053374"", ""10.1016/j.cub.2014.04.039"", ""10.1038/d41586-017-08404-0"", ""10.1023/B:SCIE.0000018543.82441.f1"", ""10.1186/1471-2288-4-14"", ""10.1038/517245a"", NA, ""10.3389/fnhum.2017.00468""), doi.asserted.by = c(NA, ""publisher"", NA, NA, NA, ""publisher"", ""publisher"", ""publisher"", ""publisher"", ""publisher"", ""publisher"", NA, ""publisher"", ""crossref"", NA, ""publisher"", ""publisher"", NA, ""publisher"", ""publisher"", ""publisher"", 
NA, ""publisher"", ""publisher"", ""publisher"", ""publisher"", ""publisher"", ""publisher"", ""publisher"", ""publisher"", ""publisher"", ""publisher"", ""publisher"", ""publisher"", ""publisher"", ""crossref"", NA, ""publisher"", ""publisher"", ""publisher"", ""publisher"", NA, NA, ""publisher"", ""publisher"", ""publisher"", ""publisher"", ""publisher"", ""publisher"", ""publisher"", NA, ""publisher""), first.page = c(NA, NA, ""347"", NA, NA, ""1548"", NA, NA, ""869"", ""2847"", ""210"", NA, NA, ""553"", NA, ""174"", ""811"", NA, ""978"", ""90"", NA, ""467"", ""174"", 
""1833"", ""704"", NA, ""1496"", ""16569"", NA, NA, ""1003"", ""2140"", ""1107"", ""403"", ""75"", ""269"", ""79"", NA, NA, ""291"", ""498"", NA, NA, ""411"", NA, ""R516"", ""162"", ""467"", NA, ""245"", NA, NA))","General Psychology",NA,NA
"5","Nature","2018-01-09","2020-02-24","10.1038/d41586-018-00104-7","2020-04-10","0028-0836,1476-4687","2018-01","297","10.1038","Springer Science and Business Media LLC","0","1","Crossref","Funders should mandate open citations","journal-article","http://dx.doi.org/10.1038/d41586-018-00104-7","list(given = ""David"", family = ""Shotton"", sequence = ""first"")","CM15342616","2018-01","7687","129-129",NA,"553","NULL","list(URL = c(""http://www.nature.com/articles/d41586-018-00104-7.pdf"", ""http://www.nature.com/articles/d41586-018-00104-7"", ""http://www.nature.com/doifinder/10.1038/d41586-018-00104-7"", ""http://www.nature.com/articles/d41586-018-00104-7.pdf""), content.type = c(""application/pdf"", ""text/html"", ""unspecified"", ""application/pdf""), content.version = c(""vor"", ""vor"", ""vor"", ""vor""), intended.application = c(""text-mining"", ""text-mining"", ""similarity-checking"", ""similarity-checking""))","list(date = ""2018-01-01"", URL = ""http://www.springer.com/tdm"", delay.in.days = 0, content.version = ""tdm"")","2018-01-09","NULL","Multidisciplinary",NA,NA
"6","F1000Research","2016-06-09","2019-09-09","10.12688/f1000research.8460.2","2020-06-25","2046-1402","2016-06-09","2560","10.12688","F1000 Research Ltd","184","1","Crossref","The academic, economic and societal impacts of Open Access: an evidence-based review","journal-article","http://dx.doi.org/10.12688/f1000research.8460.2","list(ORCID = c(""http://orcid.org/0000-0001-7794-0218"", ""http://orcid.org/0000-0002-5599-7456"", ""http://orcid.org/0000-0002-9069-4143"", ""http://orcid.org/0000-0003-3699-1195"", ""http://orcid.org/0000-0001-5767-8486"", NA), authenticated.orcid = c(FALSE, FALSE, FALSE, FALSE, FALSE, NA), given = c(""Jonathan P."", ""François"", ""Damien C."", ""Paola"", ""Lauren B."", ""Chris. H. J.""), family = c(""Tennant"", ""Waldner"", ""Jacques"", ""Masuzzo"", ""Collister"", ""Hartgerink""), sequence = c(""first"", ""additional"", ""additional"", 
""additional"", ""additional"", ""additional""))",NA,NA,NA,"632","http://dx.doi.org/10.12688/f1000research.crossmark-policy","5","list(value = c(""Indexed"", ""10.5256/f1000research.9609.r14274, Gwilym Lockwood, Neurobiology of Language Department, Max Planck Institute for Psycholinguistics, Nijmegen, The Netherlands, 25 Aug 2016, version 2, indexed"", ""10.5256/f1000research.9609.r14275, Peter Suber, Berkman Center for Internet & Society, Harvard University, Cambridge, MA, USA, 27 Jun 2016, version 2, indexed"", ""10.5256/f1000research.9609.r24672, Paige Brown Jarreau, Manship School of Mass Communication, Louisiana State University, Baton Rouge, LA, USA, 31 Jul 2017, version 2, indexed"", 
""10.5256/f1000research.9110.r13292, Anne Tierney, Department of Learning and Teaching Enhancement, Edinburgh Napier University, Edinburgh, UK, 25 Apr 2016, version 1, indexed"", ""10.5256/f1000research.9609.r14273, Christopher D. Chambers, School of Psychology, Cardiff University, Cardiff, UK, 10 Jun 2016, version 2, indexed"", ""<b>Jon Tennant</b>; <i>Posted: 11 Jul 2016</i>; Dear Ruth, Many thanks for pointing out that typo. It looks like just a keyboard malfunction of some sort! We'd be happy to fix it in future versions of our paper."", 
""<b>Ruth Lewis</b>; <i>Posted: 08 Jul 2016</i>; Very useful review! Pardon my ignorance but I don't understand the fggd in Open Accessfggd policies - Figure 3?"", ""<b>Lauren Collister</b>; <i>Posted: 17 Jun 2016</i>; Elizabeth,&nbsp; Thank you very much for your response and your focus on copyright. Unfortunately we did not have enough time to devote to the fine issues of copyright and OA and hope that others will take up the opportunity to do that. However, here are some explanations of our thinking on these two particular points: We are aware that academic authors are uneasy about the commercial and derivative uses of their work. However, we don’t make any arguments about the behavior of others or the moral rights held by the authors; there simply isn’t time in this article to address this issue. Moral rights and CC licenses have been debated for a long time (e.g. Larry Lessig in 2005: http://www.lessig.org/2005/02/on-the-challenge-of-moral-righ/ ) and even the CC-BY license indicates that “other rights such as publicity, privacy, or moral rights may limit how you use the material” (https://creativecommons.org/licenses/by/4.0/). I’ve come across some interesting thoughts on this matter, for example this post from Anne Barron (http://blogs.lse.ac.uk/impactofsocialsciences/2013/10/18/open-access-creative-commons-moral-rights/), that give food for thought in this area. I haven’t seen any definitive legal decisions that deal with this particular area; if you know of any, we would be very interested to learn about them. &nbsp; The act of applying a CC license indicates that an author is explicitly reserving copyright for themselves while granting certain usage rights to the public, which was the meaning behind our statement. (However I, a linguist, do appreciate the semantics of the verb RETAIN that you bring up here!) Your statement is also correct, in that the focus of CC licenses is on how the users may engage with the item, and I thank you for bringing up this perspective. Thanks again,&nbsp; Lauren (on behalf of the authors)"", 
""<b>Elizabeth Gadd</b>; <i>Posted: 16 Jun 2016</i>; I really enjoyed this paper - a great overview of the key themes and issues around open access. Thank you.&nbsp; I would query two points you make: You write: &quot;The only constraint on reproduction and distribution, and the only role for copyright in this domain, should be to give authors control over the integrity of their work and the right to be properly acknowledged and cited. This definition is broadly equivalent to the Creative Commons Attribution license (CC-BY), which is widely considered to be a standard for OA (creativecommons.org/licenses/).&quot; Whilst CC-BY gives authors the right to be properly acknowledged and cited, it does not give authors control over the integrity of their work. A CC-BY licence allows anyone to do anything with the work, even for commercial purposes. This is something academic authors are very uneasy about. See:&nbsp;Gadd, E., Oppenheim, C. &amp; Probets, S., 2003. RoMEO Studies 2: How academics want to protect their open-access research papers. Journal of information science. Available at: http://jis.sagepub.com/content/29/5/333.short [Accessed March 4, 2013]. 2) You write: &quot;The majority of ‘born OA’ journals and publishers do not request or receive copyright from authors. Instead, publishers are granted non-exclusive rights to publish, and copyright is retained by authors through a Creative Commons license (typically CC-BY).&quot; When an author signs a non-exclusive agreement with a publisher, copyright is retained by the author by virtue of copyright law, not by virtue of a Creative Commons licence. However, users of the research may engage with it by virtue of a Creative Commons licence. &nbsp;Is this what you mean?"", 
""This research was partly funded by the Belgian National Fund for Scientific Research through a FRIA grant. PM acknowledges support from the European Commission Horizon 2020 Programme under Grant Agreement 634107 (PHC32-2014) ‘MULTIMOT’. The funders had no role in study design, data collection and analysis, decision to publish, or preparation of the manuscript."", ""This is an open access article distributed under the terms of the Creative Commons Attribution Licence, which permits unrestricted use, distribution, and reproduction in any medium, provided the original work is properly cited.""
), URL = c(""https://f1000research.com/articles/5-632/v2#article-reports"", ""https://f1000research.com/articles/5-632/v2#referee-response-14274"", ""https://f1000research.com/articles/5-632/v2#referee-response-14275"", ""https://f1000research.com/articles/5-632/v2#referee-response-24672"", ""https://f1000research.com/articles/5-632/v1#referee-response-13292"", ""https://f1000research.com/articles/5-632/v2#referee-response-14273"", ""https://f1000research.com/articles/5-632/v2#article-response-2070"", ""https://f1000research.com/articles/5-632/v2#article-response-2065"", 
""https://f1000research.com/articles/5-632/v2#article-response-2034"", ""https://f1000research.com/articles/5-632/v2#article-response-2031"", NA, NA), order = c(0, 0, 1, 2, 3, 4, 5, 6, 7, 8, 9, 0), name = c(""referee-status"", ""referee-response-14274"", ""referee-response-14275"", ""referee-response-24672"", ""referee-response-13292"", ""referee-response-14273"", ""article-response-2070"", ""article-response-2065"", ""article-response-2034"", ""article-response-2031"", ""grant-information"", ""copyright-info""), label = c(""Referee status"", 
""Referee Report"", ""Referee Report"", ""Referee Report"", ""Referee Report"", ""Referee Report"", ""Article Comment"", ""Article Comment"", ""Article Comment"", ""Article Comment"", ""Grant Information"", ""Copyright""), group.name = c(""current-referee-status"", ""article-reports"", ""article-reports"", ""article-reports"", ""article-reports"", ""article-reports"", ""article-comments"", ""article-comments"", ""article-comments"", ""article-comments"", NA, NA), group.label = c(""Current Referee Status"", ""Article Reports"", ""Article Reports"", 
""Article Reports"", ""Article Reports"", ""Article Reports"", ""Article Comments"", ""Article Comments"", ""Article Comments"", ""Article Comments"", NA, NA))","list(URL = c(""https://f1000research.com/articles/5-632/v2/xml"", ""https://f1000research.com/articles/5-632/v2/pdf"", ""https://f1000research.com/articles/5-632/v2/iparadigms""), content.type = c(""application/xml"", ""application/pdf"", ""unspecified""), content.version = c(""vor"", ""vor"", ""vor""), intended.application = c(""text-mining"", ""text-mining"", ""similarity-checking""))","list(date = ""2016-06-09"", URL = ""http://creativecommons.org/licenses/by/4.0/"", delay.in.days = 0, content.version = ""unspecified"")","2016-06-09","list(key = c(""ref-1"", ""ref-2"", ""ref-3"", ""ref-4"", ""ref-5"", ""ref-6"", ""ref-7"", ""ref-8"", ""ref-9"", ""ref-10"", ""ref-11"", ""ref-12"", ""ref-13"", ""ref-14"", ""ref-15"", ""ref-16"", ""ref-17"", ""ref-18"", ""ref-19"", ""ref-20"", ""ref-21"", ""ref-22"", ""ref-23"", ""ref-24"", ""ref-25"", ""ref-26"", ""ref-27"", ""ref-28"", ""ref-29"", ""ref-30"", ""ref-31"", ""ref-32"", ""ref-33"", ""ref-34"", ""ref-35"", ""ref-36"", ""ref-37"", ""ref-38"", ""ref-39"", ""ref-40"", ""ref-41"", ""ref-42"", ""ref-43"", ""ref-44"", ""ref-45"", ""ref-46"", ""ref-47"", ""ref-48"", ""ref-49"", ""ref-50"", 
""ref-51"", ""ref-52"", ""ref-53"", ""ref-54"", ""ref-55"", ""ref-56"", ""ref-57"", ""ref-58"", ""ref-59"", ""ref-60"", ""ref-61"", ""ref-62"", ""ref-63"", ""ref-64"", ""ref-65"", ""ref-66"", ""ref-67"", ""ref-68"", ""ref-69"", ""ref-70"", ""ref-71"", ""ref-72"", ""ref-73"", ""ref-74"", ""ref-75"", ""ref-76"", ""ref-77"", ""ref-78"", ""ref-79"", ""ref-80"", ""ref-81"", ""ref-82"", ""ref-83"", ""ref-84"", ""ref-85"", ""ref-86"", ""ref-87"", ""ref-88"", ""ref-89"", ""ref-90"", ""ref-91"", ""ref-92"", ""ref-93"", ""ref-94"", ""ref-95"", ""ref-96"", ""ref-97"", ""ref-98"", ""ref-99"", ""ref-100"", 
""ref-101"", ""ref-102"", ""ref-103"", ""ref-104"", ""ref-105"", ""ref-106"", ""ref-107"", ""ref-108"", ""ref-109"", ""ref-110"", ""ref-111"", ""ref-112"", ""ref-113"", ""ref-114"", ""ref-115"", ""ref-116"", ""ref-117"", ""ref-118"", ""ref-119"", ""ref-120"", ""ref-121"", ""ref-122"", ""ref-123"", ""ref-124"", ""ref-125"", ""ref-126"", ""ref-127"", ""ref-128"", ""ref-129"", ""ref-130"", ""ref-131"", ""ref-132"", ""ref-133"", ""ref-134"", ""ref-135"", ""ref-136"", ""ref-137"", ""ref-138"", ""ref-139"", ""ref-140"", ""ref-141"", ""ref-142"", ""ref-143"", ""ref-144"", ""ref-145"", ""ref-146"", 
""ref-147"", ""ref-148"", ""ref-149"", ""ref-150"", ""ref-151"", ""ref-152"", ""ref-153"", ""ref-154"", ""ref-155"", ""ref-156"", ""ref-157"", ""ref-158"", ""ref-159"", ""ref-160"", ""ref-161"", ""ref-162"", ""ref-163"", ""ref-164"", ""ref-165"", ""ref-166"", ""ref-167"", ""ref-168"", ""ref-169"", ""ref-170"", ""ref-171"", ""ref-172"", ""ref-173"", ""ref-174"", ""ref-175"", ""ref-176"", ""ref-177"", ""ref-178"", ""ref-179"", ""ref-180"", ""ref-181"", ""ref-182"", ""ref-183"", ""ref-184""), author = c(""B Abbott"", ""J Adcock"", ""E Adie"", ""H Allen"", ""J Alonso-Gamboa"", ""J Alperin"", 
""V Aman"", ""B Anderson"", ""C Anderson"", ""K Antelman"", ""P Arzberger"", ""A Atchison"", ""N Beagrie"", ""J Beall"", ""J Beall"", ""J Beall"", ""D Benos"", ""T Bergstrom"", ""H Berman"", ""T Berners-Lee"", ""S Bernius"", ""A Birukou"", ""B Björk"", ""B Bjork"", ""M Bloudoff-Indelicato"", ""T Bogich"", ""J Bohannon"", ""J Bohannon"", ""J Bowman"", ""B Brembs"", ""B Brembs"", ""B Buttliere"", NA, ""J Carp"", ""L Carr"", ""S Chamberlain"", ""L Chan"", ""P Chatterjee"", ""W Cheng"", ""J Colomb"", ""R Costas"", ""W Crawford"", ""S Dallmeier-Tiessen"", ""P Davis"", ""P Davis"", 
""P Davis"", ""R Denicola"", ""S Denker"", ""J Derrida"", ""D Djuric"", ""S Dorch"", NA, ""T Eger"", ""A Elbakyan"", NA, ""J Evans"", ""G Eysenbach"", ""G Eysenbach"", ""S Flynn"", ""T Frandsen"", ""Y Gargouri"", ""Y Gargouri"", ""P Gaule"", ""A Gentil-Beccot"", ""S Ghosh"", ""P Glenisson"", ""M Glover"", ""G Gonzalez"", ""C Hajjem"", ""C Handke"", ""N Harmston"", ""S Harnad"", ""S Harnad"", ""S Harnad"", ""E Henneken"", ""S Hitchcock"", ""E Hoorn"", ""J Houghton"", ""J Ioannidis"", ""J Ioannidis"", ""J Ioannidis"", ""L John"", ""M Khabsa"", ""Z Kmietowicz"", ""J Knobloch"", 
""K Kousha"", ""N Kriegeskorte"", ""M Kurtz"", ""M Kurtz"", ""M Laakso"", ""M Laakso"", ""V Lansingh"", ""V Larivière"", ""S Lawrence"", ""S Lawson"", ""S Lawson"", ""J Leek"", ""F Leitner"", ""X Liang"", ""J MacKie-Mason"", ""A Malhotra"", ""J Manyika"", ""M Martone"", ""D Matheka"", ""M Mazzucato"", ""M McCabe"", ""T McGlynn"", ""G McGuigan"", ""E McKiernan"", ""M McVeigh"", ""T Metcalfe"", ""T Metcalfe"", ""H Moed"", ""E Mohammadi"", ""F Müller-Langer"", ""J Natarajan"", ""S Neto"", ""M Norris"", ""B Nosek"", ""M Nuijten"", ""A Odlyzko"", ""A Odlyzko"", ""A Okerson"", 
NA, NA, ""A Packer"", ""H Piwowar"", ""H Piwowar"", ""H Piwowar"", ""J Pomerantz"", ""A Porter"", ""U Pöschl"", NA, ""M Rosenwald"", ""D Sahu"", ""K Satyanarayana"", ""M Scheufen"", ""R Schimmer"", ""R Schimmer"", ""S Schroter"", ""S Schroter"", ""G Schwarz"", ""H Shatkay"", ""S Shavell"", ""C Shen"", ""J Simmons"", ""D Solomon"", ""D Solomon"", ""V Stodden"", ""A Stott"", ""P Suber"", ""C Sutton"", ""A Swan"", ""A Swan"", ""A Swan"", ""D Swanson"", ""D Tate"", ""J Turner"", NA, ""M van Assen"", ""R Van Noorden"", ""R Van Noorden"", ""R Van Noorden"", ""S van Rooyen"", 
""J Vanclay"", ""G Veletsianos"", ""G Vickery"", ""P Vincent-Lamarre"", ""E Wagenmakers"", ""B Wagner"", ""W Walters"", ""X Wang"", ""M Watson"", ""J Wicherts"", ""J Wicherts"", ""J Willinsky"", ""J Willinsky"", ""K Wohlrabe"", ""J Xia"", ""J Xia"", ""L Xu"", ""Y Zhang"", ""D Zhao"", ""A Zuccala""), volume = c(""116"", ""1"", NA, ""8"", ""64"", ""16"", NA, NA, NA, ""65"", ""3"", ""48"", NA, NA, ""489"", ""11"", ""31"", ""111"", ""28"", NA, ""64"", ""5"", ""65"", ""14"", ""527"", NA, ""342"", NA, ""78"", ""7"", NA, ""8"", NA, ""6"", NA, NA, NA, ""2"", ""21"", ""3"", ""66"", NA, NA, ""71"", ""337"", 
""25"", ""85"", NA, ""1"", ""21"", NA, NA, NA, NA, NA, ""323"", ""13"", ""4"", ""37"", ""45"", ""5"", NA, ""40"", ""84"", ""6"", ""41"", ""12"", ""17"", NA, NA, ""5"", ""34"", ""10"", NA, NA, NA, ""12"", ""28"", ""23"", ""2"", ""7"", ""23"", ""9"", ""342"", ""133"", ""34"", ""6"", ""41"", NA, ""10"", ""6"", ""116"", ""10"", ""411"", ""3"", ""3"", ""6"", ""582"", ""91"", NA, ""9"", NA, ""2"", ""10"", ""49"", ""52"", NA, ""9"", ""1"", NA, ""239"", NA, NA, ""66"", ""7"", ""7"", ""24"", NA, ""23"", NA, ""4"", NA, ""52"", NA, ""349"", ""39"", ""493"", ""2"", ""1"", ""21"", ""53"", ""6"", NA, NA, NA, ""138"", NA, NA, NA, ""330"", ""99"", 
NA, ""24"", ""2"", ""13"", ""22"", ""63"", ""63"", ""9"", NA, NA, ""72"", ""17"", NA, NA, ""38"", NA, ""10"", NA, ""9"", ""506"", ""495"", ""483"", ""318"", ""7"", ""13"", NA, NA, ""7"", NA, ""72"", ""103"", ""16"", ""6"", ""11"", ""7"", NA, NA, ""66"", ""28"", NA, ""56"", ""84"", ""15""), year = c(""2016"", ""2008"", ""2014"", ""2013"", ""2012"", ""2011"", ""2014"", ""2013a"", ""2013b"", ""2004"", ""2004"", ""2015"", ""2014"", ""2015"", ""2012"", ""2013"", ""2007"", ""2014"", ""2000"", ""2005"", ""2013"", ""2011"", ""2014"", ""2009"", ""2015"", ""2016"", ""2013"", ""2016"", ""2014"", ""2013"", ""2015"", ""2014"", ""2015"", 
""2012"", ""2007"", ""2016"", ""2005"", ""2013"", ""2008"", ""2015"", ""2015"", ""2015"", ""2011"", ""2007"", ""2008"", ""2011"", ""2006"", ""2016"", ""2002"", ""2015"", ""2015"", ""2015"", ""2012"", ""2016"", ""2012"", ""2009"", ""2011"", ""2006"", ""2009"", ""2009"", ""2010"", ""2012"", ""2011"", ""2010"", ""2012"", ""2005"", ""2014"", ""2016"", ""2006"", ""2015"", ""2010"", ""2008"", ""2004"", ""2006"", ""2006"", ""2013"", ""2006"", ""2010"", ""2012b"", ""2005"", ""2012a"", ""2012"", ""2014"", ""2011"", ""1982"", ""2010"", ""2012"", ""2005"", ""2007"", ""2012"", ""2011"", ""2009"", ""2015"", ""2001"", ""2015"", ""2015"", 
""2011"", ""2008"", ""2014"", ""2016"", ""2013"", ""2013"", ""2016"", ""2014"", ""2011"", ""2014"", ""2013"", ""2008"", ""2016"", ""2004"", ""2006"", ""2005"", ""2006"", ""2015"", ""2010"", ""2006"", ""2016"", ""2008"", ""2012"", ""2015"", ""2006"", ""2013"", ""1991"", ""2015"", ""2015"", ""2009"", ""2013"", ""2007"", ""2013"", ""2016"", ""2002"", ""2012"", ""2008"", ""2016"", ""2005"", ""2013"", ""2015"", ""2015"", ""2015"", ""2005"", ""2006"", ""2004"", ""2008"", ""2010"", ""2015"", ""2011"", ""2012"", ""2012"", ""2010"", ""2014"", ""2012"", ""2011"", ""2004"", ""2005"", ""2010"", ""1987"", ""2015"", ""2012"", ""1948"", 
""2014"", ""2014"", ""2013"", ""2012"", ""1999"", ""2013"", ""2012"", ""2011"", ""2016"", ""2012"", ""2010"", ""2011"", ""2015"", ""2015"", ""2011"", ""2016"", ""2002"", ""2006"", ""2014"", ""2015"", ""2015"", ""2011"", ""2006"", ""2010"", ""2010""), article.title = c(""Observation of Gravitational Waves from a Binary Black Hole Merger."", ""The North-South information highway: case studies of publication access among health researchers in resource-poor countries."", ""Attention! a study of open access vs non-open access articles."", ""Social media release increases dissemination of original articles in the clinical pain sciences."", 
""Latin American scholarly journal databases: a look back to the way forward."", ""Scholarly communication strategies in Latin America’s research-intensive universities."", ""Is there any measurable benefit in publishing preprints in the arxiv section quantitative biology?"", ""Funding sources of impactful and transformative research."", ""Free: How today’s smartest businesses profit by giving something for nothing."", ""Do open-access articles have a greater research impact?"", ""Promoting access to public research data for scientific, economic, and social development."", 
""Will open access get me cited? an analysis of the efficacy of open access publishing in political science."", ""The value and impact of data sharing and curation: A synthesis of three recent studies of UK research data centres"", ""Criteria for determining predatory open-access publishers."", ""Predatory publishers are corrupting open access."", ""The open-access movement is not really about open access."", ""The ups and downs of peer review."", ""Evaluating big deal journal bundles."", ""The Protein Data Bank."", 
""Journal publishing and author self-archiving: Peaceful co-existence and fruitful collaboration."", ""Exploring the effects of a transition to open access: Insights from a simulation study."", ""Alternatives to peer review: novel approaches for research evaluation."", ""Anatomy of green open access."", ""Scientific journal publishing: yearly volume and open access availability."", ""Text-mining block prompts online response."", ""On the marginal cost of scholarly communication"", ""Who’s afraid of peer review?"", 
""Who’s downloading pirated papers? everyone"", ""Predatory publishing, questionable peer review, and fraudulent conferences."", ""Deep impact: unintended consequences of journal rank."", ""What goes into making a scientific manuscript public"", ""Using science and psychology to improve the dissemination and evaluation of scientific work."", ""Creating value through open data: Study on the impact of re-use of public data resources."", ""On the plurality of (methodological) worlds: estimating the analytic flexibility of fMRI experiments."", 
""A longitudinal study of the practice of self-archiving."", ""rplos: Interface to the Search ‘API’ for ‘PLoS’ Journals"", ""Open access archiving: the fast track to building research capacity in developing countries"", ""Open access: the changing face of scientific publishing."", ""Evolution of open access publishing in Chinese scientific journals."", ""Sub-strains of Drosophila Canton-S differ markedly in their locomotor behavior. [version 2; referees: 3 approved]."", ""Do “altmetrics” correlate with citations? extensive comparison of altmetric indicators with citations from a multidisciplinary perspective."", 
""Open Access Journals 2014, DOAJ subset"", ""Highlights from the soap project survey. What scientists think about open access publishing"", ""Does the arXiv lead to higher citations and reduced publisher downloads for mathematics articles?"", ""Open access publishing, article downloads, and citations: randomised controlled trial."", ""Open access, readership, citations: a randomized controlled trial of scientific journal publishing."", ""Copyright and open access: reconsidering university ownership of faculty research."", 
""Collaboration with IBM watson supports the value add of open access"", ""Who’s afraid of philosophy?: Right to philosophy 1."", ""Penetrating the omerta of predatory publishing: the Romanian connection."", ""The data sharing advantage in Astrophysics"", ""Big win for fair use in google books lawsuit"", ""The past and the future of copyright law: Technological change and beyond"", ""Data from: Who’s downloading pirated papers? everyone."", ""Communication from the commission to the european parliament, the council, the european economic and social committee, and the committee of the regions"", 
""Open access and global participation in science."", ""Can tweets predict citations? Metrics of social impact based on Twitter and correlation with traditional metrics of scientific impact."", ""Citation advantage of open access articles."", ""An economic justification for open access to essential medicine patents in developing countries."", ""The integration of open access journals in the scholarly communication system: Three science fields."", ""Self-selected or mandated, open access increases citation impact for higher quality research."", 
""Green and gold open access percentages and growth, by discipline."", ""Getting cited: does open access help?"", ""Citing and reading behaviours in high-energy physics."", ""Learning from open source software projects to improve scientific review."", ""Combining full text and bibliometric information in mapping scientific disciplines."", ""Estimating the returns to UK publicly funded cancer-related research in terms of the net value of improved health outcomes."", ""Recent Advances and Emerging Applications in Text and Data Mining for Biomedical Discovery."", 
""Ten-year cross-disciplinary comparison of the growth of open access and how it increases research citation impact"", ""Is Europe falling behind in data mining? Copyright’s impact on data mining in academic research"", ""What the papers say: text mining for genomics and systems biology."", ""The access/impact problem and the green and gold roads to open access: An update."", ""Comparing the Impact of Open Access (OA) vs. Non-OA Articles in the Same Journals."", ""Opening access by overcoming zeno’s paralysis"", 
""Effect of E-Printing on Citation Rates in Astronomy and Physics."", ""The effect of open access and downloads (‘hits’) on citation impact: a bibliography of studies"", ""Copyright issues in open access research journals: The authors perspective."", ""The economic implications of alternative publishing models."", ""Scientific communication is down at the moment, please check again later."", ""Why most published research findings are false."", ""Why Science Is Not Necessarily Self-Correcting."", ""Measuring the prevalence of questionable research practices with incentives for truth telling."", 
""The number of scholarly documents on the public web."", ""Publishers withdraw 2500 journals from free access scheme in Bangladesh."", ""A serological survey on viral haemorrhagic fevers in Liberia."", ""The citation impact of Open Access agricultural research: A comparison between OA and non-OA publications."", ""An emerging consensus for open evaluation: 18 visions for the future of scientific publishing."", ""The effect of use and access on citations."", ""Open Access does not increase citations for research articles from The Astrophysical Journal."", 
""Anatomy of open access publishing: a study of longitudinal development and internal structure."", ""The development of open access journal publishing from 1993 to 2009."", ""Does open access in ophthalmology affect how articles are subsequently cited in research?"", ""The Oligopoly of Academic Publishers in the Digital Era."", ""Online or invisible?"", ""Journal subscription expenditure of UK higher education institutions [version 3; referees: 4 approved]."", ""Fee waivers for open access journals."", ""Cooperation between referees and authors increases peer review accuracy."", 
""A text-mining perspective on the requirements for electronically annotated abstracts."", ""Building buzz (scientists) communicating science in new media environments."", ""Economic thoughts about “gold” open access"", ""‘HypothesisFinder:’ a strategy for the detection of speculative statements in scientific text."", ""Open data: Unlocking innovation and performance with liquid information."", ""Contentmine/hypothes.is proposal."", ""Open access: academic publishing and its implications for knowledge equity in kenya."", 
""The entrepreneurial state."", ""Identifying the effect of open access on citations using a panel of science journals."", ""The evolution of pseudojournals"", ""The business of academic publishing: A strategic analysis of the academic journal publishing industry and its impact on the future of scholarly publishing."", ""The open research value proposition: How sharing can help researchers succeed."", ""Open access journals in the ISI citation databases: analysis of impact factors and citation patterns: a citation study from Thomson Scientific"", 
""The citation impact of digital preprint archives for solar physics papers."", ""The rise and citation impact of astroph in major journals"", ""The effect of “open access” upon citation impact: an analysis of arxiv’s condensed matter section"", ""Who reads research articles? an altmetrics analysis of Mendeley user categories."", ""Copyright and open access for academic works"", ""Text mining of full-text journal articles combined with gene expression analysis reveals a relationship between sphingosine-1-phosphate and invasiveness of a glioblastoma cell line."", 
""Measuring, rating, supporting, and strengthening open access scholarly publishing in brazil."", ""Open access citation rates and developing countries."", ""Scientific utopia: I. opening scientific communication."", ""The prevalence of statistical reporting errors in psychology (1985–2013)."", ""Economic costs of toll access."", ""Open Access, library and publisher competition, and the evolution of general commerce."", ""With feathers: Effects of copyright and ownership on scholarly publishing."", ""Amendment to copyright act"", 
""PSYCHOLOGY. Estimating the reproducibility of psychological science."", ""The SciELO Open Access: A Gold Way from the South."", ""Altmetrics: Value all research products."", ""Sharing detailed research data is associated with increased citation rate."", ""Data reuse and the open data citation advantage."", ""Fifty shades of open."", ""Research profiling: Improving the literature review."", ""Multi-stage open peer review: scientific evaluation integrating the strengths of traditional peer review with the virtues of transparency and self-regulation."", 
""Activities, costs and funding flows in the scholarly communications system in the UK."", ""This student put 50 million stolen research articles online. and they’re free"", ""Effect of open access on citation rates for a small biomedical journal"", ""Journal publishing: the changing landscape."", ""Copyright Versus Open Access: On the Organisation and International Political Economy of Access to Scientific Knowledge."", ""Disrupting the subscription journals’ business model for the necessary large-scale transformation to open access"", 
""Disrupting the subscription journals’ business model for the necessary large-scale transformation to open access"", ""Perceptions of open access publishing: interviews with journal authors."", ""Open access publishing and author-pays business models: a survey of authors' knowledge and perceptions."", ""Demographic and citation trends in astrophysical journal papers and preprints"", ""Multi-dimensional classification of biomedical text: toward automated, practical provision of high-utility text to diverse users."", 
""Should copyright of academic works be abolished?"", ""‘predatory’ open access: a longitudinal study of article volumes and market characteristics."", ""False-positive psychology: undisclosed flexibility in data collection and analysis allows presenting anything as significant."", ""A study of open access journals using article processing charges."", ""Publication fees in open access publishing: Sources of funding and factors influencing choice of journal."", ""Open science: policy implications for the evolving phenomenon of user-led scientific innovation."", 
""Open data for economic growth"", ""Open Access"", ""Is free inevitable in scholarly communication? the economics of open access."", ""Authors and open access publishing."", ""Open access self-archiving: An author study"", ""The open access citation advantage: Studies and results to date"", ""Two medical literatures that are logically but not bibliographically connected."", ""Open access and research assessment: Dealing with uk open access requirements in practice"", ""The cognitive paradigm ontology: design and application."", 
""Universal declaration of human rights"", ""Why publishing everything is more effective than selective publishing of statistically significant results."", ""Elsevier opens its papers to text-mining."", ""Open access: The true cost of science publishing."", ""Trouble at the text mine."", ""Effect of open peer review on quality of reviews and on reviewers' recommendations: a randomised trial."", ""Factors affecting citation rates in environmental science."", ""Assumptions and challenges of open scholarship."", ""Review of recent studies on psi re-use and related market developments."", 
""Estimating open access mandate effectiveness: The melibea score."", ""An agenda for purely confirmatory research."", ""Open access citation advantage: An annotated bibliography."", ""Characteristics of open access journals in six subject areas."", ""The open access advantage considering citation, article usage and social media attention."", ""When will ‘open science’ become simply ‘science’?"", ""Willingness to share research data is related to the strength of the evidence and the quality of reporting of statistical results."", 
""Peer Review Quality and Transparency of the Peer-Review Process in Open Access and Subscription Journals."", ""Copyright contradictions in scholarly publishing"", ""The Access Principle: The Case for Open Access to Research and Scholarship"", ""Do open access articles in economics have a citation advantage?"", ""Who publishes in “predatory” journals?"", ""Predatory journals and their article publishing charges."", ""Analysis on open access citation advantage: an empirical study based on oxford open journals."", 
""The effect of open access on citation impact: a comparison study based on web citation analysis."", ""Characteristics and impact of grant-funded research: a case study of the library and information science field."", ""Open access and civic scientific information literacy.""), journal.title = c(""Phys Rev Lett."", ""Glob Health Action."", ""Figshare."", ""PLoS One."", NA, ""Educación superior y sociedad."", ""CoRR."", NA, NA, ""Coll Res Libr."", ""Data Sci J."", ""PS Polit Sci Polit."", NA, ""Scholarly Open Access."", 
""Nature."", ""Open Access Journal for a Global Sustainable Information Society."", ""Adv Physiol Educ."", ""Proc Natl Acad Sci U S A."", ""Nucleic Acids Res."", NA, ""J Am Soc Inf Sci Technol."", ""Front Comput Neurosci."", ""J Assoc Inf Sci Technol."", ""Inform Res."", ""Nature News."", NA, ""Science."", NA, ""Am J Pharm Educ."", ""Front Hum Neurosci."", NA, ""Front Comput Neurosci."", ""Digital Agenda for Europe."", ""Front Neurosci."", ""University of Southampton Working Paper."", NA, NA, ""J Family Med Prim Care."", ""Learn Publ."", 
""F1000Res."", ""J Assoc Inf Sci Technol."", NA, NA, ""Scientometrics."", ""BMJ."", ""FASEB J."", ""Nebraska Law Review."", NA, NA, ""Sci Eng Ethics."", NA, NA, NA, ""Dryad Digital Repository."", NA, ""Science."", ""J Med Internet Res."", ""PLoS Biol."", ""J Law Med Ethics."", ""Inf Process Manag."", ""PLoS One."", ""arXiv preprint arXiv:1206.3664."", ""Res Policy."", ""Scientometrics."", ""Front Comput Neurosci."", ""Inf Process Manag."", ""BMC Med."", ""Brief Bioinform."", NA, NA, ""Hum Genomics."", ""Serials Rev."", ""D-lib Magazine."", NA, 
""arXiv."", NA, ""D-Lib Magazine."", ""Prometheus."", ""Psychol Inq."", ""PLoS Med."", ""Perspect Psychol Sci."", ""Psychol Sci."", ""PLoS One."", ""BMJ."", NA, ""Online Inform Rev."", ""Front Comput Neurosci."", ""Inf Process Manag."", ""arXiv."", ""BMC Med."", ""PLoS One."", ""Ophthalmology."", ""PLoS One."", ""Nature."", ""F1000Res."", ""Publications."", ""PLoS One."", ""FEBS Lett."", ""Journal Mass Commun Q."", NA, ""PLoS Comput Biol."", NA, ""Research Ideas and Outcomes."", ""Global Health."", ""Soundings."", ""Econ Inq."", NA, ""Electron Journal of Academic and Special Librarianship."", 
""Figshare."", NA, ""Sol Phys."", NA, NA, ""J Assoc Inf Sci Technol."", NA, ""BMC Bioinformatics."", ""Educ Policy Anal Arch."", NA, ""Psychol Inq."", ""Behav Res Methods."", ""Open Access: Key Strategic, Technical and Economic Aspects."", ""CoRR."", ""Coll Res Libr."", NA, ""Science."", ""Can J High Educ."", ""Nature."", ""PLoS One."", ""PeerJ."", ""First Monday."", ""Scientometrics."", ""Front Comput Neurosci."", NA, NA, NA, ""Indian J Med Res."", NA, NA, NA, ""BMJ."", ""J R Soc Med."", NA, ""Bioinformatics."", ""J Legal Analysis."", ""BMC Med."", 
""Psychol Sci."", ""J Am Soc Inf Sci Technol."", ""J Am Soc Inf Sci Technol."", ""Journal of Science Communication."", NA, NA, ""College & Research Libraries News."", ""Learn Publ."", NA, NA, ""J Am Soc Inf Sci."", NA, ""Neuroinformatics."", NA, ""PLoS One."", ""Nature."", ""Nature."", ""Nature."", ""BMJ."", ""J Informetr."", ""The International Review of Research in Open and Distributed Learning."", ""Information Economics."", ""J Assoc Inf Sci Technol."", ""Perspect Psychol Sci."", ""Issues Sci Technol Librarianship."", ""Coll Res Libr."", 
""Scientometrics."", ""Genome Biol."", ""PLoS One."", ""PLoS One."", NA, NA, ""Munich Personal RePEc Archive."", ""J Assoc Inf Sci Technol."", ""Learn Publ."", NA, ""Libri."", ""Scientometrics."", ""Information Research: An International Electronic Journal.""), DOI = c(""10.1103/PhysRevLett.116.061102"", ""10.3402/gha.v1i0.1865"", ""10.6084/m9.figshare.1213690"", ""10.1371/journal.pone.0068914"", ""10.1108/00012531211196693"", NA, NA, ""10.31979/etd.7trz-ta9h"", NA, ""10.5860/crl.65.5.372"", ""10.2481/dsj.3.135"", ""10.1017/S1049096514001668"", 
NA, NA, ""10.1038/489179a"", NA, ""10.1152/advan.00104.2006"", ""10.1073/pnas.1403006111"", ""10.1093/nar/28.1.235"", NA, ""10.1002/asi.22772"", ""10.3389/fncom.2011.00056"", ""10.1002/asi.22963"", NA, ""10.1038/527413f"", ""10.29016/bogich2016"", ""10.1126/science.342.6154.60"", NA, ""10.5688/ajpe7810176"", ""10.3389/fnhum.2013.00291"", NA, ""10.3389/fncom.2014.00082"", NA, ""10.3389/fnins.2012.00149"", NA, NA, NA, ""10.4103/2249-4863.117400"", ""10.1087/095315108X288884"", ""10.12688/f1000research.4263.2"", ""10.1002/asi.23309"", 
""10.6084/m9.figshare.1299451.v4"", NA, ""10.1007/s11192-007-1661-8"", ""10.1136/bmj.a568"", ""10.1096/fj.11-183988"", NA, NA, NA, ""10.1007/s11948-014-9521-4"", ""10.1017/S1743921316002696"", NA, NA, ""10.5061/dryad.q447c"", NA, ""10.1126/science.1154562"", ""10.2196/jmir.2012"", ""10.1371/journal.pbio.0040157"", ""10.1111/j.1748-720X.2009.00365.x"", ""10.1016/j.ipm.2008.06.001"", ""10.1371/journal.pone.0013636"", NA, ""10.1016/j.respol.2011.05.025"", ""10.1007/s11192-009-0111-1"", ""10.3389/fncom.2012.00018"", ""10.1016/j.ipm.2005.03.021"", 
""10.1186/1741-7015-12-99"", ""10.1093/bib/bbv087"", NA, ""10.2139/ssrn.2608513"", ""10.1186/1479-7364-5-1-17"", ""10.1016/j.serrev.2007.12.005"", ""10.1045/june2004-harnad"", ""10.1016/B978-1-84334-203-8.50008-X"", NA, NA, ""10.1045/february2006-vandergraaf"", ""10.1080/08109021003676359"", ""10.1080/1047840X.2012.699427"", ""10.1371/journal.pmed.0020124"", ""10.1177/1745691612464056"", ""10.1177/0956797611430953"", ""10.1371/journal.pone.0093949"", ""10.1136/bmj.d196"", ""10.1016/S0769-2617(82)80028-2"", ""10.1108/14684521011084618"", 
""10.3389/fncom.2012.00094"", ""10.1016/j.ipm.2005.03.010"", NA, ""10.1186/1741-7015-10-124"", ""10.1371/journal.pone.0020961"", ""10.1016/j.ophtha.2008.12.052"", ""10.1371/journal.pone.0127502"", NA, ""10.12688/f1000research.5706.3"", ""10.3390/publications3030155"", ""10.1371/journal.pone.0026895"", ""10.1016/j.febslet.2008.02.072"", ""10.1177/1077699014550092"", NA, ""10.1371/journal.pcbi.1003117"", NA, ""10.3897/rio.2.e8424"", ""10.1186/1744-8603-10-26"", ""10.3898/136266211798411183"", ""10.1111/ecin.12064"", NA, NA, ""10.6084/m9.figshare.1619902.v2"", 
NA, ""10.1007/s11207-006-0262-7"", NA, NA, ""10.1002/asi.23286"", NA, ""10.1186/1471-2105-7-373"", ""10.14507/epaa.24.2391"", NA, ""10.1080/1047840X.2012.692215"", ""10.3758/s13428-015-0664-2"", ""10.1016/B978-1-84334-203-8.50004-2"", NA, ""10.5860/crl_52_05_425"", NA, ""10.1126/science.aac4716"", NA, ""10.1038/493159a"", ""10.1371/journal.pone.0000308"", ""10.7717/peerj.175"", ""10.5210/fm.v21i5.6360"", ""10.1023/A:1014873029258"", ""10.3389/fncom.2012.00033"", NA, NA, NA, NA, ""10.1007/978-3-319-12739-2"", ""10.17617/1.3"", ""10.17617/1.3"", 
""10.1136/bmj.38359.695220.82"", ""10.1258/jrsm.99.3.141"", NA, ""10.1093/bioinformatics/btn381"", ""10.1093/jla/2.1.301"", ""10.1186/s12916-015-0469-2"", ""10.1177/0956797611417632"", ""10.1002/asi.22673"", ""10.1002/asi.21660"", ""10.22323/2.09010205"", NA, ""10.7551/mitpress/9286.001.0001"", ""10.5860/crln.72.11.8671"", ""10.1087/095315104323159649"", NA, NA, ""10.1002/(SICI)1097-4571(198707)38:4<228::AID-ASI2>3.0.CO;2-G"", ""10.3233/978-1-61499-562-3-58"", ""10.1007/s12021-011-9126-x"", NA, ""10.1371/journal.pone.0084896"", 
""10.1038/506017a"", ""10.1038/495426a"", ""10.1038/483134a"", ""10.1136/bmj.318.7175.23"", ""10.1016/j.joi.2012.11.009"", ""10.19173/irrodl.v13i4.1313"", NA, ""10.1002/asi.23601"", ""10.1177/1745691612463078"", ""10.5062/F4Q81B0W"", ""10.5860/crl-132"", ""10.1007/s11192-015-1547-0"", ""10.1186/s13059-015-0669-2"", ""10.1371/journal.pone.0026828"", ""10.1371/journal.pone.0147913"", ""10.5210/fm.v7i11.1006"", NA, NA, ""10.1002/asi.23265"", ""10.1087/20150111"", ""10.1145/1940761.1940819"", ""10.1515/LIBR.2006.145"", ""10.1007/s11192-010-0191-y"", 
NA), doi.asserted.by = c(""publisher"", ""publisher"", ""publisher"", ""publisher"", ""publisher"", NA, NA, ""crossref"", NA, ""publisher"", ""publisher"", ""publisher"", NA, NA, ""publisher"", NA, ""publisher"", ""publisher"", ""publisher"", NA, ""publisher"", ""publisher"", ""publisher"", NA, ""publisher"", ""crossref"", ""publisher"", NA, ""publisher"", ""publisher"", NA, ""publisher"", NA, ""publisher"", NA, NA, NA, ""publisher"", ""publisher"", ""publisher"", ""publisher"", ""publisher"", NA, ""publisher"", ""publisher"", ""publisher"", NA, NA, NA, ""publisher"", 
""crossref"", NA, NA, ""publisher"", NA, ""publisher"", ""publisher"", ""publisher"", ""publisher"", ""publisher"", ""publisher"", NA, ""publisher"", ""publisher"", ""publisher"", ""publisher"", ""publisher"", ""publisher"", NA, ""publisher"", ""publisher"", ""publisher"", ""publisher"", ""crossref"", NA, NA, ""publisher"", ""publisher"", ""publisher"", ""publisher"", ""publisher"", ""publisher"", ""publisher"", ""crossref"", ""publisher"", ""publisher"", ""publisher"", ""publisher"", NA, ""publisher"", ""publisher"", ""publisher"", ""publisher"", NA, ""publisher"", 
""publisher"", ""publisher"", ""publisher"", ""publisher"", NA, ""publisher"", NA, ""publisher"", ""publisher"", ""publisher"", ""publisher"", NA, NA, ""publisher"", NA, ""publisher"", NA, NA, ""publisher"", NA, ""publisher"", ""publisher"", NA, ""publisher"", ""publisher"", ""publisher"", NA, ""publisher"", NA, ""publisher"", NA, ""publisher"", ""publisher"", ""publisher"", ""publisher"", ""publisher"", ""publisher"", NA, NA, NA, NA, ""publisher"", ""publisher"", ""publisher"", ""publisher"", ""publisher"", NA, ""publisher"", ""publisher"", ""publisher"", ""publisher"", 
""publisher"", ""publisher"", ""crossref"", NA, ""crossref"", ""crossref"", ""publisher"", NA, NA, ""publisher"", ""publisher"", ""publisher"", NA, ""publisher"", ""publisher"", ""publisher"", ""publisher"", ""publisher"", ""publisher"", ""crossref"", NA, ""publisher"", ""publisher"", ""publisher"", ""publisher"", ""publisher"", ""publisher"", ""publisher"", ""publisher"", ""publisher"", NA, NA, ""publisher"", ""publisher"", ""publisher"", ""publisher"", ""publisher"", NA), first.page = c(NA, NA, NA, ""e68914"", ""32-45"", NA, NA, NA, NA, ""372-382"", ""135-152"", 
""129-137"", NA, NA, ""179"", ""589-597"", ""145-152"", ""9425-9430"", ""235-242"", NA, ""701-726"", ""56"", ""237-250"", NA, ""413"", NA, ""60-5"", NA, NA, ""291"", NA, ""82"", NA, ""149"", NA, NA, NA, ""128-30"", ""140-152"", ""176"", ""2003-2019"", NA, NA, ""203-215"", ""a568"", ""2129-2134"", NA, NA, NA, ""183-202"", NA, NA, ""37-64"", NA, NA, ""1025"", ""e123"", ""e157"", ""184-208"", ""131-141"", ""e13636"", NA, ""1332-1338"", ""345-355"", ""18"", ""1548-1572"", ""99"", ""33-42"", NA, NA, ""17-29"", ""36-40"", NA, NA, NA, NA, ""6"", ""41-54"", ""267-270"", ""e124"", ""645-654"", 
""524-32"", ""e93949"", ""ISSN 0959-8138"", ""125-128"", ""772-785"", ""94"", ""1395-1402"", NA, ""124"", ""e20961"", ""1425-1431"", ""e0127502"", ""521"", NA, ""155-167"", ""e26895"", ""1178-81"", ""772-791"", NA, ""e1003117"", NA, ""e8424"", ""26"", ""131-142"", ""1284-1300"", NA, NA, NA, NA, ""549-553"", NA, NA, ""1832-1846"", ""45-65"", ""373"", ""54"", ""335-342"", ""217-243"", ""1-22"", ""39-43"", NA, ""425-38"", NA, ""aac4716"", ""111-126"", ""159"", ""e308"", ""e175. ISSN 2167-8359"", NA, ""351-370"", ""33"", NA, NA, NA, ""4-7"", NA, NA, NA, ""756"", ""141-148"", NA, ""2086-2093"", 
""301-358"", ""230"", ""1359-66"", ""1485-1495"", ""98-107"", ""A05"", NA, NA, ""642-645"", ""219-224"", NA, NA, ""228-233"", ""58-62"", ""57-66"", NA, ""e84896"", ""17"", ""426-429"", ""134-135"", ""23-27"", ""265-271"", ""166-189"", NA, NA, ""632-638"", ""2"", ""372-392"", ""555-564"", ""101"", ""e26828"", ""e0147913"", NA, NA, NA, ""1406-1417"", ""69-74"", ""426-432"", ""145-156"", ""293-306"", NA))",NA,"<ns4:p>Ongoing debates surrounding Open Access to the scholarly literature are multifaceted and complicated by disparate and often polarised viewpoints from engaged stakeholders. At the current stage, Open Access has become such a global issue that it is critical for all involved in scholarly publishing, including policymakers, publishers, research funders, governments, learned societies, librarians, and academic communities, to be well-informed on the history, benefits, and pitfalls of Open Access. In spite of this, there is a general lack of consensus regarding the potential pros and cons of Open Access at multiple levels. This review aims to be a resource for current knowledge on the impacts of Open Access by synthesizing important research in three major areas: academic, economic and societal. While there is clearly much scope for additional research, several key trends are identified, including a broad citation advantage for researchers who publish openly, as well as additional benefits to the non-academic dissemination of their work. The economic impact of Open Access is less well-understood, although it is clear that access to the research literature is key for innovative enterprises, and a range of governmental and non-governmental services. Furthermore, Open Access has the potential to save both publishers and research funders considerable amounts of financial resources, and can provide some economic benefits to traditionally subscription-based journals. The societal impact of Open Access is strong, in particular for advancing citizen science initiatives, and leveling the playing field for researchers in developing countries. Open Access supersedes all potential alternative modes of access to the scholarly literature through enabling unrestricted re-use, and long-term stability independent of financial constraints of traditional publishers that impede knowledge sharing. However, Open Access has the potential to become unsustainable for research communities if high-cost options are allowed to continue to prevail in a widely unregulated scholarly publishing market. Open Access remains only one of the multiple challenges that the scholarly publishing system is currently facing. Yet, it provides one foundation for increasing engagement with researchers regarding ethical standards of publishing and the broader implications of 'Open Research'.</ns4:p>",NA
"7",NA,"2019-01-11","2019-01-11","10.7551/mitpress/9286.001.0001","2020-07-23",NA,"2012","281","10.7551","The MIT Press","0","1","Crossref","Open Access","book","http://dx.doi.org/10.7551/mitpress/9286.001.0001","list(given = ""Peter"", family = ""Suber"", sequence = ""first"")",NA,"2012",NA,NA,NA,NA,"NULL","NULL","NULL",NA,"NULL",NA,NA,"9780262301732"
